product_name,buyin_price,sell_price,category_id
Gutierrez-Schmitt Cream,4.33,5.48,6
Rogers-Caldwell Burger Buns,3.48,4.19,10
"Johnson, Hall and Ramirez Pasta",1.55,1.86,4
"Sanchez, Tucker and Nixon Root Beer",3.16,4.11,1
Frederick-Smith Canned Peas,2.93,4.07,4
Meza-Baker Rice,4.43,5.09,4
Cardenas-Newman Frozen Enchiladas,9.56,13.78,7
"Schaefer, Burgess and Wilkerson Frozen Meatballs",8.99,10.42,7
House-Lawrence Yogurt,5.29,7.84,6
Hampton Ltd Frozen Pizza,4.33,5.72,7
"Garza, Gray and Gill Red Velvet Cake",23,25.66,10
"Fischer, Palmer and Peters Peaches",4.9,6.23,9
"Anderson, Thompson and Brown Canned Mandarin Oranges",3.74,5.52,4
Davis Group Cheese,3.05,4.22,6
"Hancock, Wallace and Martin Milk",2.62,3.81,6
"Bell, Wolfe and Gibbs Pancake Mix",4.4,6.57,3
Santos Inc Cookies,2.72,3.06,2
Green-Thomas Baking Soda,2.11,3.07,5
Dunn Group Instant Noodles,2.19,2.6,4
Cooper PLC Baking Powder,1.27,1.76,5
"Anderson, Barnett and Turner Red Velvet Cake",22.8,33.72,10
Reed-Davis Canned Carrots,2.04,2.4,4
Stephens-Jones Red Velvet Cake,24.13,34.99,10
"Simmons, Lucero and Clark Oatmeal",3.44,4.78,3
Barrett Ltd Vanilla Cake,16.11,20.37,10
"Russell, Beasley and Avila Canned Peaches",2.88,3.7,4
"Simmons, Pitts and Patel Shrimp",15.83,19.11,8
Stewart-Lester Yogurt,1.72,2.44,6
"Goodman, Hernandez and Wyatt Pork Chops",9.39,11.36,8
"Medina, Andrews and Davis Bacon",9.71,12.3,8
Cox LLC Beef Ribs,16.31,19.57,8
"York, Hawkins and Diaz Ground Beef",11.98,15.04,8
Rose-Lopez Vanilla Ice Cream,5.71,7.97,7
Boone-Jenkins Frozen Mixed Seafood,6.25,7.99,7
Manning Ltd Shrimp,19.81,22.66,8
"Meyer, Gentry and Rios Swordfish",23.75,33.91,8
Armstrong-Jackson Cooking Oils,9.5,11.27,5
Martinez Inc Canned Peaches,3.48,4.46,4
"Kane, Winters and Kirk Danish Pastries",5.8,7.72,10
Hawkins-Miller Oatmeal,4.48,6.46,3
Armstrong LLC Spices & Seasonings,4.02,4.96,5
Lam PLC Butter,3.48,4.29,6
Clark and Sons Garlic,1.02,1.19,9
Vargas and Sons Frozen Pizza,5.49,7.16,7
Stewart and Sons Muffins,4.54,5.4,3
"Ellis, Gomez and Ruiz Yogurt",2.52,2.85,6
Wood-Martin Baking Soda,2.45,2.91,5
"Spears, Maldonado and Davidson Breakfast Sausage",3.71,4.44,3
Martin LLC Strawberry Ice Cream,5.74,7.65,7
"Day, Skinner and Mcintosh Garlic",1.78,2.45,9
Padilla-Bush Everything Bagels,2.17,2.8,10
Lucas PLC Red Velvet Cake,28.21,39.01,10
Anderson-Brown Cola,1.33,1.57,1
Perez Ltd Frozen Stir-Fry,9.23,11.89,7
"Rivera, Stanley and Browning Cereal",4.01,5.65,3
Baker-Sanchez Peaches,2.87,3.22,9
King PLC Green Tea,6.58,9.82,1
"Brooks, Obrien and Johnson Breakfast Sausage",6.68,7.84,3
Lee Group Sugar,4.69,6.46,5
"Aguirre, Bray and Ruiz Sugar",3.59,4.25,5
Nolan Ltd Canned Spinach,2.78,3.11,4
Williams-Grimes Canned Peas,1.16,1.43,4
"Bennett, Larsen and Green Canned Carrots",1.78,2.38,4
"Cox, Mosley and Baker Canned Carrots",1.11,1.4,4
Dixon Ltd Cranberry Juice,5.15,5.86,1
Lowery LLC Blueberries,6.26,7.73,9
Garcia PLC Pancake Mix,5.01,6.79,3
Byrd-Mcmillan Cookies,4,4.8,2
Peters-Hernandez Instant Noodles,1.64,1.94,4
Perez-Jordan Cherry Pie,13.11,17.31,10
Cross Inc Canned Spinach,2.87,3.53,4
Chen Ltd Sugar,4.85,6.09,5
Williams-Ayers Frozen Chicken Tenders,6.53,8.65,7
Hernandez PLC Whole Chicken,8.94,9.94,8
Harvey-Smith Baking Powder,2.12,2.97,5
"Moore, Bennett and Roberson Mint Chocolate Chip Ice Cream",6.44,8.75,7
"Gonzalez, Rowe and Crosby Popcorn",4.78,7.07,2
Bradley-Brown Rice,4.62,5.94,4
Moran PLC Flour,4.79,6.47,5
Ware Group Pork Shoulder,5.71,8.53,8
Herring-Jackson Frozen Mixed Seafood,5.6,6.23,7
Valdez-Coleman Canned Cherries,3.38,4.37,4
Clark LLC Herbal Tea,6.08,7.45,1
Daugherty Group Cookies and Cream Ice Cream,6.47,8,7
Dickson Group Sourdough Bread,4.87,6.54,10
"Cooper, Burton and Burke Chips",3.09,4.57,2
"Rodriguez, Johnson and Lopez Cereal",4.69,6.19,3
Walsh LLC Pork Shoulder,9.95,12.95,8
Hernandez-Monroe Eggs,2.73,3.14,6
Miller Group Croissants,3.01,4.3,10
"Livingston, Jackson and Henry Muffins",5.91,6.85,3
Cole LLC Dinner Rolls,2.11,3.1,10
Harris-Nelson Red Velvet Cake,31.17,37.21,10
Clarke Inc Cherry Pie,14.41,15.9,10
Martinez-Wilson Candy,2.89,3.36,2
Woods Inc Canned Pears,2.4,2.83,4
"Rodriguez, Stephens and Williams Mangoes",2.12,2.42,9
Raymond-Davidson Mangoes,4.99,5.5,9
Hernandez Ltd Cookies and Cream Ice Cream,6.94,8.43,7
Riley-Watson Crackers,3.46,4.73,2
Foster LLC Muffins,6.92,9.14,3
"Mueller, Mills and Gay Canned Peaches",3.43,4.44,4
"Gonzalez, Cook and Smith Canned Mixed Vegetables",2.79,3.2,4
"Shaw, Martin and Whitaker Muffins",3.71,5.1,3
"Green, Edwards and Bishop Carrots",1.66,1.84,9
"Martinez, Green and Mays Frozen Macaroni and Cheese",6.16,8.25,7
"Marshall, Campbell and Fuller Onions",2.22,3.27,9
Sutton-Henderson Crackers,4.46,6.21,2
Brown and Sons Candy,4.35,6.03,2
"White, Morris and Nielsen Green Tea",4.65,6.75,1
Chung Ltd Eggs,3.61,4.08,6
"Garcia, Chen and Ramirez Butter",5.13,7.12,6
Cardenas and Sons Popcorn,3.28,3.61,2
"Smith, Horton and Briggs Pears",2.82,3.37,9
Brady-Morales Breakfast Sausage,3.55,4.16,3
Preston Inc Cod,13.1,19.2,8
"Harris, Burch and Smith Bell Peppers",2.87,3.76,9
"Rivas, Fields and Miranda Danish Pastries",4.09,5.85,10
"Smith, Rodriguez and Johnson Cereal",3.42,4.33,3
"Cordova, Baker and Hammond Carrots",2.3,3.38,9
"Coleman, Miranda and Flores Chocolate Cake",25.44,34.96,10
Hall-Conner Black Tea,6.65,9.66,1
Collins-Morales Candy,4.09,5.74,2
Rodriguez PLC Green Tea,4.82,6.96,1
Smith LLC Energy Drinks,3.89,5.47,1
Robinson PLC Crackers,4.58,6.36,2
Jones Ltd Bacon,8.92,13.38,8
Murray-Miller Rice,5.18,6.01,4
"Smith, Hunt and Larson Eclairs",4.03,4.59,10
"Jefferson, Johnson and Buck Canned Pears",3.14,3.71,4
"Weber, Hobbs and Thompson Herbal Tea",6.36,7.09,1
Jordan-Small Apple Pie,15.82,20.77,10
"Fields, Ward and Lawrence Mangoes",3.56,5.27,9
Cruz Ltd Root Beer,2.66,3.75,1
Jones-Morris Granola Bars,3.95,5.1,3
"Henderson, Soto and Brown Granola Bars",8.65,9.99,3
Moore and Sons Canned Fruit Cocktail,2.02,2.35,4
Sanchez LLC Pears,3.74,4.12,9
"Kirk, Jackson and Clark Canned Mandarin Oranges",3.74,5.5,4
Poole-Freeman Frozen Pizza,6.42,8.24,7
Adams-Donaldson Sugar,3.66,4.41,5
Lutz PLC Eclairs,3.31,4.5,10
Brown-Crawford Crackers,3.41,4.82,2
"Ramos, Turner and Smith Frozen Stir-Fry",9.53,13.66,7
Harris-Castillo Cinnamon Rolls,4.9,6.48,10
"Owens, Rodriguez and Compton Carrots",1.32,1.49,9
Leon-Torres Sugar,4.46,6.63,5
Delgado-Oneal Danish Pastries,5.18,6.02,10
"Scott, Coleman and Johnson Yogurt",1.69,2.13,6
Krause-Strickland Trout,17.05,19.37,8
Wright Ltd Rice,3.95,5.02,4
Walker-Frederick Mint Chocolate Chip Ice Cream,5.26,7.39,7
Robertson Inc Butter,4.79,5.59,6
"Hernandez, Tran and Herrera Trout",14.69,17.97,8
Robbins Group Breakfast Sausage,6.78,7.91,3
"Cardenas, Thomas and Ortiz Chocolate Cake",29.12,42.62,10
"Schmidt, Jackson and Barton Bell Peppers",2.88,3.59,9
Trevino-Doyle Cheesecake,20.47,24.41,10
Gilmore Ltd Bacon,9.75,13.1,8
"Murphy, Bishop and Elliott Popcorn",4.45,5.93,2
Davis-Underwood Black Tea,4.81,6.51,1
Fletcher and Sons Black Tea,5.27,5.88,1
Rodriguez LLC Granola Bars,8.09,9.97,3
"Woods, Rosales and Arnold Flour",2.78,4.16,5
Sanchez PLC Tomatoes,2.2,2.72,9
"Vargas, Hill and Arnold Flour",5.2,5.96,5
Knight-Soto Carrots,1.2,1.78,9
Johnson-Spencer Tilapia,5.11,6.29,8
Maxwell-Perez Granola Bars,9.2,13.02,3
Gomez-Avila Sesame Bagels,2.91,3.55,10
"Ruiz, Clark and Jackson Baking Powder",2.39,3.43,5
Wright Inc Flour,4.33,6.47,5
Woodard PLC Oatmeal,4.41,6.38,3
Hobbs-Jackson Cucumbers,1.41,1.59,9
Vega Ltd Pears,2.74,3.9,9
"Adams, Brown and Hess Baking Powder",1.08,1.3,5
Perez PLC Bottled Water,2.53,3.48,1
Bryan LLC Cereal,5.19,7.09,3
"Davis, Russell and Simpson Tuna",13.32,15.3,8
Jones-Shaw Black Tea,6.84,8.47,1
Rodriguez Inc Canned Cherries,4.75,5.96,4
Steele PLC Chicken Breast,6.25,8.08,8
Frazier-Montoya Cookies,3.55,4.86,2
Jackson Ltd Granola Bars,7.5,8.41,3
Morales PLC Cherry Pie,13.58,19.93,10
Diaz Inc Muffins,5.58,7.81,3
Morrison Group Cereal,4.02,5.53,3
Morris-Lewis Pasta,1.31,1.52,4
"Oneill, Anderson and Baker Muffins",5.11,7.33,3
Smith PLC Trout,14.6,16.95,8
Shepherd-White Beef Steak,21.94,31.67,8
Casey-Thompson Sourdough Bread,5.04,5.84,10
"Burns, Rodgers and Morales Apple Pie",20.11,24.26,10
"Moon, Lawrence and Hancock Croissants",2.12,2.48,10
"Arnold, Hays and Larson Canned Peas",2.76,3.58,4
"Moody, Rocha and Phillips Spices & Seasonings",2.82,3.48,5
Johnson LLC Pumpkin Pie,13.64,20.44,10
Harvey PLC Grape Juice,5.67,8.03,1
Baker LLC Frozen Burritos,3.19,4.28,7
Garcia-Rodgers Lemon-Lime Soda,1.32,1.57,1
Burton PLC Dinner Rolls,2.88,4.14,10
Smith-Long Cream,3.84,5.19,6
"Watkins, Foster and Barnes Pears",3.11,4.54,9
"Romero, Floyd and Mason Lettuce",2.96,4.2,9
"Beard, Taylor and Meyers Breakfast Sausage",7.44,10.03,3
Jones-Harmon Pancake Mix,3.01,4.24,3
Wilcox-Bautista Vanilla Ice Cream,3.45,4.65,7
Garcia Inc Mint Chocolate Chip Ice Cream,7.65,11.38,7
"Stokes, Mays and Barrera Canned Peas",2.29,2.75,4
"Nelson, Carter and Solomon Everything Bagels",2.39,2.79,10
"Jacobson, Stevens and Walsh Eggs",4.69,5.49,6
Gonzalez Group Orange Juice,4.46,5.33,1
Thompson-Robbins Beef Ribs,18.25,26.26,8
Williams-Short Candy,4.97,5.66,2
Rodriguez-Davis Grapes,5.19,7.26,9
"Brewer, Torres and Bass Popcorn",5.25,7.61,2
Bolton-Parrish Flour,5.39,6.8,5
Kim-Rose Sugar,2.86,3.3,5
"Moreno, Higgins and Proctor Chocolate Ice Cream",3.32,4.49,7
Porter PLC Grapes,5.02,6.01,9
"Kennedy, Morales and Austin Pancake Mix",2.18,2.9,3
Ramos Group Apple Pie,14.15,16.72,10
"Taylor, Edwards and Perez Plain Bagels",2,2.67,10
Tyler and Sons Granola Bars,8.74,9.86,3
Thomas-Perry Canned Mandarin Oranges,2.3,3.31,4
Walker PLC Frozen Pizza,8.85,13.11,7
Horn Group Vanilla Cake,23.31,33.44,10
"Thompson, Henry and Armstrong Pork Shoulder",4.46,6.24,8
"Smith, Watson and Mills Frozen Enchiladas",8.17,11.22,7
"Harrison, Wilson and Chavez Beef Ribs",19.44,28.51,8
"Benitez, Smith and Myers Frozen Mixed Seafood",14.4,15.96,7
Anderson-Nash Carrots,1.73,2.53,9
"Oneill, Rodriguez and Jenkins Eggs",3.65,4.41,6
Garcia Ltd Blueberries,5.68,6.67,9
Bryant Group Cooking Oils,6.65,9.96,5
Colon-Green Cream,2.93,3.79,6
"Martinez, Vang and Moran Apple Juice",2.19,3.07,1
Strong LLC Canned Green Beans,1.69,2.32,4
"Morgan, Miller and Brown Cooking Oils",9.36,11.94,5
"Davis, Nguyen and Kim Lemon-Lime Soda",1.98,2.57,1
"Huynh, Gates and Montgomery Energy Drinks",2.98,3.73,1
Shepherd-Baker Oatmeal,2.94,3.48,3
Hall Ltd Trout,16.95,20.29,8
Berry-Welch Canned Green Beans,1.2,1.71,4
Branch and Sons Crackers,4.43,5.9,2
Meyer-English Burger Buns,4.91,5.78,10
Garcia-Schmitt Baking Soda,2.16,3.19,5
Scott-Mccormick Tuna,12.24,14.11,8
"Diaz, Hudson and Rivera Sesame Bagels",2.41,2.95,10
Henson-Sullivan Beef Brisket,8.38,12.39,8
Pierce-Williams Pancake Mix,2.94,3.65,3
Murphy-Palmer Canned Fruit Cocktail,3.92,5.37,4
Hall-Rodriguez Lemon-Lime Soda,2.63,3.61,1
Freeman-Smith Tilapia,6.45,8.02,8
"Miller, White and Burns Butter",4.08,5.95,6
Carter and Sons Pears,2.91,3.88,9
Pope and Sons Whole Wheat Bread,2.51,3.23,10
Powell-Summers Sausage,7.8,10.45,8
"Mills, Mcguire and Ramirez Broccoli",3.91,5.52,9
Dixon Ltd Canned Green Beans,2.22,2.46,4
Smith-Pena Canned Corn,2.03,2.39,4
Long-Baker Burger Buns,2.83,3.54,10
Ford Inc Spinach,2.15,2.41,9
Olson-Knight Sugar,2.62,3.44,5
Vasquez-Camacho Popcorn,5.49,6.66,2
Scott Group Salmon,15.44,19.77,8
Bartlett-Greene Cheesecake,22.6,27.13,10
Williams-Jimenez Frozen Mixed Fruits,6.93,10.13,7
"Mitchell, Lane and Carrillo Muffins",6.78,8.72,3
Brown-Dean Milk,3.12,4.5,6
Brown-Ray Canned Cherries,4.11,5.63,4
Garcia and Sons Baking Soda,2.06,2.86,5
Hernandez-Holmes Canned Pears,3.29,4.93,4
"Bell, Obrien and Beck Cookies",4.88,6.65,2
Klein-Patterson Red Velvet Cake,28.2,35.31,10
Figueroa Ltd Spinach,3.03,4.27,9
Taylor PLC Popcorn,5.72,6.34,2
Johnson-White Sugar,4.14,5.32,5
"Mitchell, Roth and Davis Nuts & Seeds",6.35,7.32,2
Wong PLC Frozen Enchiladas,9.69,13.35,7
Parker LLC Rye Bread,3.73,4.15,10
Richardson-Poole Everything Bagels,2.03,3,10
Evans-West Butter,5.87,7.99,6
Mckinney-Cervantes Frozen Pizza,5.34,6.88,7
Smith Ltd Frozen Burritos,6.49,8.49,7
"Carter, Jimenez and Nguyen Cheesecake",30.43,39.21,10
Baker-Mills Oatmeal,3.03,3.87,3
Miller-Henry Cod,13.15,16.69,8
Taylor-Williams Oranges,3.71,4.12,9
"Gill, Robinson and Miller Cinnamon Rolls",3.35,3.75,10
Williams-Hansen Whole Wheat Bread,3.19,3.54,10
"Williams, Wiggins and Vargas Cod",7.16,8.01,8
"Roberts, Alexander and Grimes Apple Juice",2.05,2.61,1
Lewis-Johnson Beef Brisket,13.76,19.8,8
Montgomery Group Spices & Seasonings,3.05,4.04,5
Rhodes Inc Cola,2.14,2.52,1
Mooney PLC Canned Fruit Cocktail,2.78,3.21,4
Boyd-Bruce Cooking Oils,5.81,8.52,5
"Sanders, King and Aguilar Cream",4.43,5.82,6
"Huynh, Patterson and Nelson Yogurt",2.45,3.07,6
Miller-Smith Instant Noodles,2.93,4.26,4
Barry and Sons Butter,2.95,4.03,6
Glover-Johnson Burger Buns,2.5,3.47,10
Wood and Sons Butter,2.02,2.37,6
"Cantu, Byrd and Hall Bottled Water",2.77,3.44,1
Hernandez PLC Granola Bars,6.45,8.34,3
Scott Ltd Lemon-Lime Soda,2.96,3.46,1
Chan-Bryant Pancake Mix,3.82,5.2,3
Wright Inc Bananas,2.53,3,9
"Fuller, Brennan and Mclean Sugar",4.58,6.6,5
Sawyer and Sons Energy Drinks,2.65,3.04,1
Ortega Group Cream,2.42,2.89,6
"Spencer, Escobar and Whitehead Pears",3.05,3.82,9
Wood-Doyle Rice,5.44,6.13,4
Wood PLC Breakfast Sausage,6.11,8.52,3
"Watson, Erickson and Johnson Oatmeal",4.38,6.22,3
Carter LLC Cheese,6.58,8.36,6
Stewart PLC Eggs,3.13,4.14,6
Smith-Russell Beef Ribs,11.4,13.79,8
Vaughan-Maldonado Popcorn,4.5,5.05,2
Jones PLC Lemon-Lime Soda,1.86,2.23,1
"Taylor, Hanson and Fisher Sesame Bagels",3.96,5.45,10
Cook-Graham Frozen Stir-Fry,8.95,13.02,7
Guerrero PLC Root Beer,3.43,4.4,1
"Brown, Cox and Perry Carrots",1.23,1.5,9
Reese Ltd Pumpkin Pie,10.05,13.25,10
Johnson-Jones Eggs,4.02,5.07,6
Smith Inc Grapes,3.38,4.99,9
Daniel Inc Chocolate Cake,16.41,22.85,10
"Michael, Cooper and Gibbs Frozen Mixed Vegetables",3.83,4.21,7
Turner-Cox Herbal Tea,5.1,6.77,1
Armstrong Inc Frozen Chicken Tenders,7.58,11.32,7
Levine-Short Cucumbers,2.58,3.51,9
Daugherty-Garcia Nuts & Seeds,8.1,11.66,2
"Chang, Allen and Higgins Cheese",6.29,6.92,6
"Garcia, King and Powell Strawberry Ice Cream",3.42,4.07,7
Rhodes Inc Lettuce,2.27,2.98,9
"Robinson, Williams and Martin Cookies",2.92,3.41,2
Flowers-Murphy Yogurt,1.23,1.77,6
"Romero, Small and Barton Milk",2.21,3.29,6
Foster-White Apple Juice,2.07,2.8,1
"Williams, Rodriguez and Davenport Canned Peaches",3.98,5.06,4
Moore-Fischer Rice,4.36,6.05,4
"Lane, Bruce and Hoffman Rice",3.81,4.66,4
Wells-Jordan Muffins,4.33,6.09,3
Miranda-Collins Crackers,3.58,4.15,2
Harris Group Chocolate Cake,26.03,31.39,10
Myers-Wilson Popcorn,2.19,3.19,2
Farrell-Hernandez Cream,2.74,3.05,6
"Roth, Dominguez and Marsh Nuts & Seeds",4.43,5.23,2
Gillespie-Ashley Eggs,3.99,5.15,6
"Robertson, Reeves and Gibson Tuna",14.98,18.52,8
"Chavez, Ray and Cook Plain Bagels",3.75,5.51,10
Soto Inc Breakfast Sausage,7.5,10.56,3
"Bridges, Robertson and Bartlett Everything Bagels",3.24,4.13,10
Shepherd Group Frozen Mixed Vegetables,3.72,5.31,7
"Long, Ayala and Farmer Breakfast Sausage",6.99,8.31,3
"Harrell, Myers and Lewis Pancake Mix",5.16,6.32,3
"Smith, Flynn and King Carrots",1.88,2.54,9
"Taylor, Lee and Tran Pancake Mix",3.34,4.95,3
Barrett-Brown Oatmeal,3.08,3.51,3
Keller PLC Pumpkin Pie,16.21,17.99,10
Reilly-Bradley Canned Spinach,3.41,4.9,4
"Sanchez, Poole and Perez Oranges",2.07,2.93,9
Baker Ltd Milk,3.07,3.74,6
"Moore, Preston and Mejia Pumpkin Pie",19.36,23.46,10
Clayton Group Butter,2.55,3.15,6
Williams Group Tomatoes,2.32,2.65,9
Garcia-Monroe Oatmeal,4.12,5.66,3
"Cunningham, Roberson and Hamilton Canned Corn",2.06,2.56,4
Dunn-Salazar Grapes,4.71,6.04,9
"Johnson, Robles and Wade Candy",3.38,4.66,2
"Oneill, Armstrong and Jenkins Bacon",7.98,11.96,8
"Gonzalez, Mendoza and Dixon Crackers",2.68,3.95,2
Riley-Roberts Plain Bagels,2.77,3.57,10
Mullins-Jackson Bottled Water,2.34,2.62,1
Heath PLC Cookies,3.46,5.13,2
Park LLC Candy,1.81,2.12,2
Morris-Rodriguez Cinnamon Rolls,4.08,5.96,10
Brown and Sons Frozen Stir-Fry,5,7.19,7
Green-Conley Granola Bars,9.25,13.56,3
"Clark, Rodriguez and Harrell Grape Juice",3.64,5.09,1
"Lopez, Murray and Greer Canned Pineapple",2.55,3.13,4
Henderson and Sons Black Tea,6.49,7.6,1
"Sellers, Rodriguez and Fields Garlic",2.97,3.75,9
"Martin, Hines and Brewer Cereal",7.98,10.12,3
"Fuller, Stephens and Jackson Coffee",9.95,12.83,1
Carlson-Miller Beef Steak,19.27,26.18,8
"Avila, Khan and Bennett Grape Juice",5.87,7.39,1
Anthony-Goodwin Cheese,6.47,8.59,6
"Wilson, Schultz and Ware Chocolate Cake",24.04,31,10
Castillo LLC Pumpkin Pie,17.93,20.65,10
Huber-Stewart Candy,3.23,4.49,2
Goodwin LLC Canned Mixed Vegetables,3.97,5.32,4
Jones-Moore Bottled Water,2.08,3.02,1
Carter-Oneal Baking Soda,1.24,1.84,5
Sims-Hunt Broccoli,3.35,3.73,9
"Lopez, Nelson and King Salmon",11.98,14.71,8
"King, Salas and Brown Pasta",1.99,2.98,4
"Whitney, Shepherd and Hernandez Candy",1.28,1.75,2
Lopez Group Cheesecake,26,31.64,10
Winters-Sanchez Canned Pineapple,3.01,4.5,4
"Johnson, Osborne and Rodgers Cooking Oils",8.15,12.22,5
Carpenter-Kerr Trout,13.95,18.84,8
"Hill, Lopez and French Candy",1.69,2.5,2
Long-English Whole Chicken,10.39,13.44,8
Robinson-Morris Swordfish,15.78,19.07,8
"Lyons, Acosta and Lee Instant Noodles",2.39,3.28,4
"Kelley, Baker and Nelson Chicken Breast",9.17,11.88,8
Anderson and Sons Cooking Oils,3.37,3.83,5
Sweeney-Bond Butter,3.91,4.73,6
Williams-Johnson Eggs,3.01,4.15,6
Padilla-Shah Herbal Tea,6.07,8.51,1
Hale-Liu Coffee,7.98,10.94,1
Davidson-Hunt Blueberries,7.71,9.51,9
"Li, Sullivan and Johnson Oranges",2.88,3.39,9
Barker and Sons Cooking Oils,3.44,3.89,5
"Sherman, Miller and Riley Bacon",5.73,8.27,8
"Barnett, Evans and Garrison Eggs",2.33,3.15,6
Nunez-Powers Cereal,4.39,5.78,3
Deleon Inc Butter,2.12,2.85,6
Miller Ltd Canned Corn,2.43,3.6,4
"Rodriguez, Wilson and Macdonald Candy",4.04,5.13,2
"Jenkins, Valentine and Thompson Spinach",2.72,3.78,9
"Morgan, Miller and Meyer Pork Shoulder",8.83,10.1,8
"Lewis, Best and Garcia Pumpkin Pie",14.37,17.21,10
Wilkinson PLC Cereal,5.32,5.95,3
Nelson PLC Breakfast Sausage,4.41,5.4,3
Jackson-Wiley Granola Bars,8.52,12.05,3
Morgan-Burke Muffins,6.26,9.26,3
Hensley Group Eggs,4.02,5.64,6
Baker PLC Burger Buns,3.66,4.59,10
"Randolph, Arnold and Pope Chips",3.36,4.68,2
"Nelson, Hanson and Cook Cookies",2.17,2.48,2
Hernandez-Wheeler Frozen Enchiladas,9.29,11.69,7
Garcia LLC Cooking Oils,4.4,5.68,5
Brooks Inc Canned Mixed Vegetables,3.69,4.82,4
"Byrd, Baker and Lee Red Velvet Cake",29.91,44.48,10
"Sanchez, Gibbs and Garcia Cooking Oils",9.34,13.88,5
Thompson Group Bell Peppers,2.33,3.04,9
"Melendez, Hays and Rodriguez Butter",2.54,3.26,6
Mueller-Rodriguez Yogurt,5.14,7.4,6
"Henderson, May and Jackson Baking Soda",2.7,3.56,5
"Walsh, Torres and Mack Cheese",4.85,7.22,6
Joyce and Sons Candy,3.41,4.76,2
Jones PLC Frozen Burritos,6.32,7.97,7
"Valencia, Peterson and Moore Beef Brisket",16.15,19,8
Campbell Inc Pears,3.61,4.43,9
Barajas Group Frozen Burritos,6.9,8.92,7
Hernandez Ltd Sugar,2.41,2.95,5
"Villegas, Smith and Hobbs Bananas",2.03,2.41,9
Thompson-Koch Frozen Enchiladas,8.41,10.97,7
Henderson-Vang Pasta,1.64,2.15,4
Hendricks-Taylor Sugar,3.18,4.31,5
"Blake, Miranda and Cummings Baking Soda",1.02,1.29,5
Knapp and Sons Breakfast Sausage,7.11,9.14,3
King Inc Flour,3.15,4.56,5
Hart Ltd Canned Cherries,4.49,6.06,4
"Mueller, Moore and Spencer Apple Pie",19.31,25.85,10
Wood-English Dinner Rolls,2.43,2.8,10
Jones-Bowers Sugar,3.6,4,5
"Shaw, Roy and Rice Spinach",3.89,4.92,9
Jones and Sons Baking Powder,1.19,1.39,5
Adams and Sons Vanilla Ice Cream,6.43,8.85,7
Dyer LLC Lemon-Lime Soda,2.58,2.98,1
Foley-Miller Black Tea,4.28,6.27,1
Martinez PLC Nuts & Seeds,4.9,6.19,2
Dunlap-Williams Flour,4.57,5.16,5
Garcia LLC Bottled Water,2.17,3.06,1
Tapia LLC Canned Peaches,2.63,3.4,4
"Lopez, Rivers and Stevens Vanilla Cake",26.5,38.86,10
Bowers-Owens Bell Peppers,3.53,4.55,9
Campbell-Lee Sugar,3.46,4.3,5
Smith-Fitzgerald Butter,5.35,6.81,6
Davis-Combs Oatmeal,2.04,2.32,3
Fletcher LLC Energy Drinks,2.4,2.8,1
"Stewart, Garrett and Simmons Bottled Water",1.21,1.64,1
Thomas-Cunningham Cereal,7.03,9.11,3
Rodriguez and Sons Strawberry Ice Cream,5.27,5.99,7
"Mccarty, Rodriguez and Baker Cola",2.8,4.18,1
Buck and Sons Frozen Meatballs,5.62,7.69,7
"Cox, Riggs and White Shrimp",8.76,10.94,8
Wright-Barr Blueberries,4.74,5.54,9
Rodriguez-Davis Granola Bars,3.3,4.17,3
Young-Smith Breakfast Sausage,5.76,6.43,3
"Chan, Smith and Dennis Cranberry Juice",4.72,5.61,1
Pierce Group Bottled Water,2.24,2.7,1
"Gray, Kelley and Buckley Canned Cherries",3.23,4.06,4
Wright-Russell Whole Wheat Bread,3.25,4.48,10
Williams-Davis Sugar,2.49,3.32,5
Roth-Murphy Pasta,2.98,4.05,4
"Gardner, Maynard and Soto Mint Chocolate Chip Ice Cream",6.84,8.08,7
Stanley-Maddox Frozen Pizza,5.99,7.26,7
Ortiz LLC Tilapia,5.85,6.81,8
Smith PLC Frozen Macaroni and Cheese,6.96,8.26,7
Brown Inc Shrimp,15.18,19.92,8
Schneider-Ramirez Potatoes,1.45,2.08,9
"Obrien, Harrison and Tran Chicken Breast",5.17,6.59,8
"Graham, Nguyen and Stone Vanilla Cake",19.19,25.75,10
"Benjamin, Hill and Carrillo Spinach",2.89,3.99,9
"Taylor, Marshall and Small Canned Spinach",3.16,4.4,4
"Smith, Smith and Waters Cranberry Juice",5.56,6.72,1
Zimmerman Inc Canned Green Beans,1.54,2.09,4
"Simmons, Schmidt and Cardenas Grape Juice",2.46,2.99,1
Smith-Watson Eggs,2.13,2.49,6
Rogers Group Chips,3.66,4.19,2
Howe-Clark Whole Chicken,9.58,13.99,8
Chambers LLC Chips,3.34,4.89,2
"Perkins, Wood and Cantu Root Beer",3.94,5.45,1
Schneider-Rosario Apple Pie,17.11,22.99,10
Morse PLC Frozen Enchiladas,6.82,7.56,7
Chaney Ltd Cooking Oils,8.26,9.17,5
"Sandoval, Aguirre and Greer Bacon",9.22,10.55,8
Parker Inc Yogurt,3.01,3.76,6
"Simpson, Sharp and Cook Coffee",12.55,14.89,1
Walker-Bowman Cheese,8.41,11.83,6
"Donovan, Dawson and Jackson Beef Ribs",18.38,26.91,8
Flores-Juarez Cheese,5.56,6.31,6
"Campbell, Jimenez and Booker Milk",2.12,2.54,6
"Thompson, Lopez and Lambert Candy",2.36,2.64,2
"Edwards, Ali and Moore Cheese",9.62,14.09,6
"Gillespie, Thomas and Drake Sausage",7.02,8.61,8
Hernandez Inc Crackers,3.54,4.55,2
"King, Mejia and Brown Ground Beef",9.15,11.86,8
Hernandez-Ross Sourdough Bread,5.05,7.5,10
Drake-Richards Pasta,1.56,2.33,4
Martinez LLC Grapes,4.59,6.2,9
Coleman Ltd Pasta,2.42,3.61,4
"Nguyen, Giles and Ross Pasta",2.79,3.12,4
Logan Ltd Rice,2.68,2.98,4
Barnett-Kelley Canned Soup,2.11,2.9,4
"Mendez, Jackson and Elliott Lemon-Lime Soda",1.38,1.93,1
Smith and Sons Cheesecake,28.2,33.82,10
Evans-Dickson Chips,3.71,4.09,2
Cantrell Ltd Canned Cherries,3.96,4.92,4
Banks-Herrera Chicken Thighs,6.53,7.37,8
Martin-Farrell Cranberry Juice,6.78,8.91,1
Gonzalez PLC Herbal Tea,6.46,7.77,1
Garza Inc Tilapia,11.9,17.01,8
"Mitchell, Rivera and Brown Red Velvet Cake",32.03,40.34,10
Rojas-King Rye Bread,5.37,6.99,10
Garcia-Johnson Whole Wheat Bread,3.41,4.48,10
Gentry-Mckenzie Canned Corn,1.17,1.63,4
Gardner Inc Muffins,5.66,6.26,3
"Lambert, Brown and Weaver Eggs",4.06,5.19,6
Turner-Green Apples,4.08,5.48,9
Barnes Ltd Crackers,2.05,2.51,2
Sharp-Mason Green Tea,5.4,6.07,1
Mahoney Group Apples,2.12,2.38,9
Downs Ltd Broccoli,3.39,4,9
Guzman PLC Canned Mixed Vegetables,2.05,2.85,4
Morales-Wood Chips,2.98,3.86,2
Smith-Osborne Bacon,9.62,14.03,8
"Murphy, Rodriguez and Gonzalez Cucumbers",1.05,1.25,9
"Baker, Lopez and Williams Eclairs",4.47,5.26,10
Miller-Montgomery Vanilla Ice Cream,4.23,5.03,7
"Wheeler, Rodriguez and Trevino Baking Soda",1.86,2.56,5
Jacobs LLC Canned Peaches,2.18,3.21,4
Vega Inc Flour,2.84,3.7,5
"Murphy, Ware and Turner Sugar",2.92,3.49,5
Allison Inc Apple Pie,12.55,14.99,10
"Smith, Swanson and Snyder Plain Bagels",2.87,3.25,10
Walter Group Frozen Burritos,3.46,4.82,7
Phillips and Sons Popcorn,5.67,8.41,2
Garcia LLC Cereal,3.73,5.25,3
"Christian, Flores and Jennings Baking Soda",2.45,3.4,5
Ortiz-Patterson Cherry Pie,14.79,19.45,10
Cruz-Werner Orange Juice,3.91,4.51,1
"Jordan, Wolfe and Glover Yogurt",5.23,7.26,6
Richmond Inc Crackers,2.42,3.35,2
White Ltd Baking Soda,1.87,2.51,5
Bonilla-Keith Pears,3.43,4.97,9
Allen Inc Root Beer,3.49,4.96,1
Larson-Wells Plain Bagels,2.89,3.42,10
Wilson-Ochoa Baking Powder,1.33,1.65,5
"Fuller, Chen and Martinez Canned Soup",2.28,3.13,4
Lynch and Sons Spices & Seasonings,3.28,4.13,5
Johnson Inc Canned Carrots,2.98,4.1,4
"Johnson, Scott and Johnson Flour",2.2,2.89,5
"Wood, Galloway and Hall Chips",3.06,4.34,2
Mcdonald PLC Candy,4.41,5.53,2
Smith-Luna Cheese,5.73,6.74,6
"Reilly, George and Weaver Oatmeal",3.08,3.88,3
Bonilla Group Strawberries,5.23,6.97,9
Evans-Robertson Whole Chicken,12.05,14.59,8
"Murray, Garcia and Abbott Baking Powder",2.01,2.46,5
Pennington-Duffy Canned Fruit Cocktail,2.38,3.39,4
Williams and Sons Hot Dog Buns,2.96,4.11,10
Weaver-Baker Breakfast Sausage,7.57,10.24,3
Ramos-Martinez Pork Tenderloin,14.13,17.49,8
Aguirre Inc Chips,4.45,6.09,2
"Sutton, Jordan and Henry Whole Chicken",11.71,14.48,8
"Maldonado, Delgado and Wood Herbal Tea",6.73,8.5,1
"Dixon, Stanley and Burke Tuna",9.82,12.6,8
"Brown, Morris and Cruz Oatmeal",3.21,3.6,3
Cole Ltd Root Beer,2.97,3.7,1
"Baker, Clark and Bell Canned Pears",3.67,4.14,4
Clark-Jones Mint Chocolate Chip Ice Cream,6.75,8.86,7
Silva LLC Flour,2.19,2.53,5
Jones-Rush Canned Carrots,2.59,3.65,4
Higgins Ltd Canned Pears,2.92,3.68,4
"Gregory, Garcia and Young Mint Chocolate Chip Ice Cream",4.45,5.54,7
Taylor-Edwards Candy,2.68,3.57,2
"Peterson, Thornton and Holloway Chocolate Ice Cream",6.1,7.14,7
Raymond LLC Sausage,4.99,5.59,8
Rivera-White Milk,3.88,5.05,6
Morgan Group Cheese,3.11,4.62,6
Smith-Villarreal Yogurt,1.08,1.41,6
Hoover and Sons Yogurt,3,4.19,6
"Collier, Glover and Wilcox Eclairs",4.19,5.11,10
Hernandez-Cochran Frozen Macaroni and Cheese,6.5,8.3,7
Vargas Ltd Black Tea,5.31,7.13,1
Vasquez LLC Whole Wheat Bread,3.87,4.68,10
"Holder, Berg and Hanna Chips",2.8,3.23,2
Murphy-Johnston Bell Peppers,3.54,4.44,9
Hardy LLC Energy Drinks,4.56,6.08,1
Pollard-Peterson Frozen Mixed Vegetables,2.32,3.01,7
Preston-King Pasta,2.94,4.1,4
Townsend-Roman Green Tea,5.6,7.82,1
Figueroa-Silva Tilapia,7.34,9.18,8
Webb Ltd Pancake Mix,3.98,5.15,3
Alexander-Vazquez Sugar,4.67,6.8,5
"Ross, Mitchell and Logan Eggs",4.29,5.78,6
Mendoza-Moss Pineapples,7.55,10.18,9
Miller LLC Canned Cherries,3.33,4.95,4
Jones-Houston Butter,2.13,2.51,6
"Marshall, Warner and Johnson Canned Carrots",2.54,3.79,4
Fowler-Brown Pancake Mix,5.9,8.18,3
Brown-Miller Frozen Enchiladas,7.45,8.81,7
Parker and Sons Mangoes,3.6,4.68,9
"Walker, Dunn and Hernandez Frozen Meatballs",5.27,6.45,7
Morgan-Sanchez Whole Chicken,10.64,13.95,8
Steele-Gaines Chocolate Cake,26.77,33.64,10
"Johnson, Chase and Middleton Muffins",6.94,8.65,3
Frederick-Williams Spices & Seasonings,2.82,3.53,5
"Bruce, Dominguez and Wood Mint Chocolate Chip Ice Cream",5.8,6.6,7
Martinez LLC Chicken Wings,6.43,7.35,8
Anderson-Estrada Bacon,10.4,15.15,8
Collins-Ramos Candy,1.1,1.3,2
Hansen LLC Cheesecake,33.76,41.97,10
"Gallegos, Wallace and Evans Pumpkin Pie",14.32,17.28,10
"Rowe, Arroyo and Ellis Coffee",4.06,5.04,1
Contreras and Sons Canned Mixed Vegetables,3.57,5.03,4
Fuller-Ryan Beef Steak,10.95,13.61,8
Herring Inc Cherry Pie,17.81,23.79,10
Olsen Inc Canned Cherries,3.19,4.68,4
Powell Inc Frozen Burritos,4.77,6.38,7
Valdez LLC Baking Powder,2.12,2.51,5
Johnson Group Pancake Mix,3.07,4.43,3
Long and Sons Grapes,4.23,6.17,9
Alexander PLC Butter,5.58,6.24,6
Mosley-Cummings Mint Chocolate Chip Ice Cream,7.73,11.13,7
"Williamson, Kirby and Lewis Muffins",6.1,6.99,3
"Gutierrez, Wright and Vaughan Strawberry Ice Cream",5.52,7.24,7
"Miller, Kelley and Rodriguez Mint Chocolate Chip Ice Cream",7.09,9.6,7
"Lopez, Patterson and James Butter",2,2.55,6
"Brooks, Rice and Dawson Garlic",1.24,1.75,9
Gilbert-Smith Hot Dog Buns,3.01,3.63,10
Jenkins and Sons Chips,2.87,3.25,2
"Ferguson, Smith and Ashley Granola Bars",5.49,7.43,3
"Davis, Joseph and Ramirez Coffee",13.11,16.21,1
Perez and Sons Cooking Oils,8.8,12.83,5
"Hanna, Mcpherson and Fowler Nuts & Seeds",6.38,8.77,2
Escobar LLC Bananas,2.52,3.69,9
Sims Inc Sugar,4.38,6.16,5
Alexander-Evans Apple Juice,3.45,5.15,1
Wood and Sons Cheese,6.09,7.25,6
"Morton, Hodges and Garrett Apple Pie",24.61,27.75,10
"Baldwin, Payne and Hamilton Vanilla Cake",15.17,18.88,10
"Johnson, Gibson and Cuevas Pancake Mix",3.28,4.28,3
Owens Group Baking Powder,1.85,2.58,5
Woods-Henry Blueberries,4.84,5.61,9
"Hart, Myers and Andrade Vanilla Ice Cream",4.69,6.09,7
"Bennett, Stewart and Sullivan Trout",14.07,18.4,8
Ford-Wright Energy Drinks,3.88,4.39,1
"Hill, Leon and Young Black Tea",5.89,8.78,1
"Ferguson, Hughes and Mata Oatmeal",4.81,5.44,3
Salazar and Sons Chicken Thighs,6.37,8.89,8
Richardson Group Black Tea,3.07,3.47,1
Brown Ltd Chips,4.38,5.47,2
Fox Inc Sugar,3.28,4.9,5
Ward Group Cheese,7.2,8.35,6
Hahn LLC Pork Shoulder,8.6,10.08,8
Santos LLC Flour,2.53,2.95,5
Brown-Harris Baking Soda,1.19,1.4,5
"Tran, Roth and Lee Pork Tenderloin",6.67,8.18,8
"Wall, Robinson and Dickerson Butter",5.49,6.97,6
Jordan-Harrison Butter,3.83,4.24,6
Ramos Ltd Canned Carrots,1.29,1.56,4
"Grant, Flores and Young Granola Bars",8.38,12.43,3
Bass-Smith Cream,2.97,3.38,6
"Gray, Walters and Fry Canned Mixed Vegetables",2.89,3.63,4
Wheeler and Sons Cookies and Cream Ice Cream,4.04,4.5,7
Martin-Brown Breakfast Sausage,4.05,4.76,3
"Peterson, Jackson and Sanders Black Tea",3.91,5.83,1
"Griffith, Turner and Brown Baking Powder",1.34,1.94,5
"Smith, Heath and Duran Yogurt",4.89,5.65,6
Wood Inc Ground Beef,11.37,16.79,8
Summers Group Yogurt,5.1,6.65,6
"Schwartz, Vega and Beard Cucumbers",1.97,2.68,9
Fernandez LLC Eggs,2.31,2.81,6
"Singh, West and Vargas Bacon",5.02,7.02,8
Mitchell-Shaw Grapes,4.85,6.13,9
King Inc Baking Powder,2.93,4.16,5
Kelley PLC Bananas,1.63,2.33,9
Kelley-Gordon Canned Carrots,1.77,2.33,4
Martin-Thomas Cookies,3.69,4.63,2
Vaughn LLC Canned Pears,2.04,3.05,4
Bray-Vasquez Frozen Mixed Vegetables,2.05,2.72,7
"Todd, Scott and Douglas Instant Noodles",1.67,2.01,4
Butler-Taylor Cream,3.36,3.9,6
"Mills, Sanchez and Moore Flour",4.72,5.88,5
Snyder LLC Canned Pineapple,3.97,5.92,4
"Riley, Griffith and Rodriguez Sourdough Bread",3.84,5.69,10
"Stephens, Mcfarland and Smith Bell Peppers",2.32,2.67,9
Aguilar-Chandler Chips,3.43,4.2,2
"Martin, Armstrong and Fry Pork Tenderloin",14.95,17.18,8
Phillips Ltd Cookies,3.27,4.35,2
Cortez Group Oatmeal,4.27,6.38,3
"Allen, Stevenson and Medina Granola Bars",8.03,10.83,3
Wade Group Breakfast Sausage,5.6,7.58,3
Bowen Inc Cookies and Cream Ice Cream,7.39,10.79,7
Perkins-Martinez Cheese,4.21,5.57,6
Jensen-Finley Flour,3.14,4.31,5
Hampton-Davis Mint Chocolate Chip Ice Cream,7.39,8.37,7
"Salas, Miller and Ramirez Frozen Chicken Tenders",5.59,6.29,7
Graham LLC Granola Bars,3.43,3.89,3
Mitchell-Gordon Beef Ribs,8.3,12.15,8
Allen-Bryant Frozen Meatballs,6.29,7.33,7
"Davis, Rodriguez and Jackson Crackers",2.24,2.87,2
Sanchez-Preston Mint Chocolate Chip Ice Cream,7.85,8.82,7
"Johnson, Garcia and Thomas Canned Green Beans",2.28,3.05,4
Salazar-Thomas Chips,2.66,3.23,2
Delacruz-Hernandez Flour,4.11,5.38,5
"Jones, Malone and Santana Cinnamon Rolls",4.4,5.09,10
Riggs and Sons Cherry Pie,22.76,27.44,10
Odonnell-Carney Apple Juice,3.57,4.14,1
Garza-Marks Canned Green Beans,2.24,2.76,4
Marshall Ltd Beef Steak,19.77,26.4,8
Acosta Group Yogurt,2.3,3.03,6
Frye-Jones Milk,3.72,4.79,6
"Brown, Evans and Wade Frozen Chicken Tenders",8.35,11.53,7
Aguirre Inc Apples,4.28,6.31,9
Cardenas-Brooks Pork Tenderloin,11,12.82,8
"Bray, Ortiz and Tran Muffins",6.82,7.98,3
Walker Group Nuts & Seeds,7.26,8.65,2
"Schaefer, Yu and Evans Pumpkin Pie",18.88,24.46,10
Bailey-Jackson Chips,2.72,3.96,2
Silva-Brown Spices & Seasonings,1.95,2.48,5
"Green, Schwartz and Salas Canned Mixed Vegetables",2.9,3.44,4
White Ltd Frozen Pizza,6.84,9.91,7
"Durham, Perkins and Cochran Chicken Wings",6.11,8.04,8
Adams-Owen Frozen Macaroni and Cheese,4.74,6.84,7
Osborne-Daniels Canned Mixed Vegetables,2.51,3.48,4
"Allen, Acosta and Wright Milk",2.11,2.35,6
Osborne Inc Cranberry Juice,3.07,4.55,1
"Wells, Woodard and Mcgee Lemon-Lime Soda",2.85,3.36,1
"Hughes, West and Meyers Baking Soda",1.4,1.86,5
Osborne PLC Strawberries,5.91,7.93,9
Richards Inc Garlic,1.83,2.45,9
Smith-Garcia Canned Fruit Cocktail,2.62,3.36,4
Phillips-Beck Baking Powder,1.27,1.41,5
Bowman and Sons Cookies,3.81,4.73,2
Collier LLC Black Tea,5.7,6.46,1
Hughes Ltd Cheese,5.35,7.49,6
Lynch-Miller Crackers,3.86,4.66,2
"King, Evans and Graves Energy Drinks",4.35,6.37,1
Berry-Kane Muffins,3.04,4.46,3
Williams-Williams Canned Pears,3.6,4.61,4
Johnston PLC Yogurt,4.82,5.77,6
Burnett-Carrillo Green Tea,4.91,5.84,1
Thomas-Jenkins Mint Chocolate Chip Ice Cream,5.27,7.79,7
Smith-Hill Breakfast Sausage,6.49,8.43,3
Fields-Hoover Frozen Pizza,4.75,5.37,7
Thompson-Hart Grape Juice,5.17,6.25,1
"Moore, Berger and Johnson Cream",4,5.34,6
Santos Ltd Cream,2.48,2.86,6
Ware-Jones Canned Corn,2.47,3.66,4
Hoover-Doyle Pancake Mix,5.35,7.59,3
Osborn-Garcia Instant Noodles,1.03,1.24,4
Ellis and Sons Cranberry Juice,3.95,5.65,1
Willis LLC Green Tea,6.94,9.24,1
Patel-Travis Coffee,9.3,13.44,1
"Turner, Thomas and Green Sugar",4.04,5.65,5
Wallace and Sons Canned Peaches,2.72,3.98,4
Harrington and Sons Butter,4.76,6.18,6
"Phillips, Morrison and Roberts Cookies and Cream Ice Cream",7.49,9.28,7
"Harrison, West and Obrien Oatmeal",3.64,4.59,3
Anderson Ltd Cucumbers,1.58,2.32,9
Watson Group Granola Bars,4.5,6.26,3
Ballard Group Carrots,2.71,3.28,9
Hess-Moss Nuts & Seeds,5.18,5.91,2
"Hatfield, Flores and Willis Flour",3.72,5.47,5
"Stewart, Lee and Wu Cooking Oils",8.24,9.24,5
Calderon Group Whole Wheat Bread,3.68,4.61,10
Norton-Short Bananas,2.32,2.79,9
"Scott, Meyer and Santana Energy Drinks",2.03,2.32,1
Cook Group Chocolate Cake,25.75,33.83,10
Jackson LLC Pasta,2.59,2.94,4
Collins-Burke Sugar,3.91,5.27,5
Barnes LLC Cream,3.74,4.21,6
Lin Group Croissants,3.22,3.69,10
Gamble-Cardenas Sesame Bagels,3.21,3.77,10
Jackson Ltd Crackers,3.2,4.37,2
Carter-Miller Canned Green Beans,2.25,2.59,4
Hernandez-Franklin Flour,5.69,7.69,5
"Garcia, Glass and Russell Bacon",7.48,10.63,8
"King, Schmitt and Sanchez Pancake Mix",3.23,3.63,3
Lopez-Tran Tuna,15.25,20.77,8
"Henry, Peters and Randall Crackers",3.87,4.61,2
Kline and Sons Cheese,8.28,12.29,6
"Johnston, Todd and Fields Onions",2.24,2.57,9
Henderson and Sons Energy Drinks,4.05,4.55,1
Owens Group Haddock,10.91,12.31,8
Richardson and Sons Spices & Seasonings,2.24,3.04,5
Sullivan Inc Candy,2.72,3.8,2
"Ramirez, Schmidt and Tucker Butter",2.3,3.29,6
Juarez Group Nuts & Seeds,5.13,6.88,2
Garrett LLC Canned Pears,3.64,4.85,4
Bowman LLC Green Tea,4.34,5.6,1
Patterson Ltd Blueberries,7.09,8.15,9
Peters LLC Canned Carrots,2.81,3.94,4
Allen-Gentry Candy,4.22,6.09,2
Scott-Robinson Coffee,13.03,15.74,1
"Allen, Davis and Davies Yogurt",5.14,6.15,6
"Cross, Paul and Mahoney Cheese",4.51,5.64,6
Holland Ltd Candy,1.46,1.92,2
Giles Inc Canned Carrots,1.86,2.58,4
"Welch, Pena and Mendez Frozen Chicken Tenders",7.62,8.43,7
Friedman-Le Cheese,8.9,10.97,6
Forbes-Hughes Eggs,2.55,3.8,6
Stephens-Jenkins Pasta,2.66,3.09,4
Vaughn Inc Frozen Mixed Fruits,6.45,8,7
"Smith, Stewart and Schultz Canned Cherries",4.63,6.08,4
"Armstrong, Whitaker and Harvey Frozen Mixed Vegetables",4.42,5.71,7
"Kim, Curtis and Garcia Sausage",5.45,6.29,8
"Kelly, Frazier and Mills Pork Chops",7.15,10.45,8
"Woods, Ray and Terry Cereal",3.84,4.76,3
Jordan LLC Vanilla Cake,22.62,27.88,10
Johnston-Mcclure Baking Powder,1.83,2.38,5
Reeves-Lopez Frozen Chicken Tenders,6.24,9.32,7
Gibson Group Cereal,6.24,8.2,3
Wiley and Sons Pancake Mix,4.2,4.92,3
"Howell, Powell and Fletcher Shrimp",13.35,18.92,8
"Green, Boyd and Moreno Cream",2.63,3.72,6
Harris PLC Frozen Meatballs,8.09,10.55,7
"King, Vasquez and Rodriguez Everything Bagels",2.3,3.44,10
"Martinez, Williams and Nguyen Pork Shoulder",5.3,7.73,8
"Snyder, Ochoa and Schroeder Breakfast Sausage",7.33,8.17,3
Lee-Jackson Cheesecake,33.12,39.54,10
Rivera-Lambert Bottled Water,2.33,2.82,1
Odom-Anderson Strawberry Ice Cream,5.99,6.68,7
Long Inc Cheesecake,30.72,35.81,10
Wells-Tucker Cream,2.57,3.1,6
Owens-Miller Butter,3.29,4.17,6
Shields-Banks Muffins,3.68,4.51,3
Baxter PLC Garlic,2.02,2.88,9
"Thomas, Middleton and Hill Cookies and Cream Ice Cream",5.81,6.48,7
Rose-Fisher Cooking Oils,9.19,10.88,5
"Nunez, Cooley and Boyd Ground Beef",8.35,9.76,8
Macdonald PLC Everything Bagels,2.64,3.87,10
Mendoza-Horton Plain Bagels,2.43,3.22,10
Weiss-Velasquez Cream,4.39,5.57,6
Harris-Cline Canned Soup,2.31,2.88,4
"Mullen, Moss and Griffith Mangoes",2.8,3.48,9
"Berry, Hines and Ramirez Yogurt",3.93,5.47,6
Allen-Howard Potatoes,1.43,2.08,9
"Nguyen, Vazquez and Jennings Pasta",2.97,4.28,4
Ramirez Group Tilapia,5.13,6.3,8
"Silva, Howell and Martinez Whole Wheat Bread",2.29,2.76,10
Middleton Inc Frozen Stir-Fry,5.25,7.6,7
Adkins Ltd Muffins,5.49,8.01,3
Leon-Holden Cream,2.12,2.38,6
Hill-Lynch Sugar,2.25,2.66,5
Sanchez-Valdez Granola Bars,7.54,8.95,3
Jackson-Simmons Strawberry Ice Cream,3.52,3.99,7
"Campbell, Evans and Brown Trout",13.97,15.91,8
"Simpson, Smith and Elliott Cereal",6.41,7.74,3
Williams and Sons Milk,2.21,3.18,6
Padilla-Martinez Cucumbers,1.77,2.34,9
Spence-Martin Cookies and Cream Ice Cream,6.17,8.3,7
Jennings-Page Crackers,3.74,4.35,2
Thomas-Stuart Tilapia,8.2,10.94,8
Hoffman-Lee Popcorn,5.99,7.25,2
Chandler LLC Eggs,3.41,4.14,6
Phillips Group Cheese,9.98,12.45,6
Smith-Hawkins Nuts & Seeds,6.4,7.42,2
"Snyder, Kramer and Huang Baking Powder",2.24,3.06,5
Day-Henry Butter,2.85,3.88,6
Miller-Roberts Frozen Mixed Fruits,6.74,7.97,7
Richardson-Ray Garlic,1.91,2.79,9
"Rojas, Patrick and Hall Root Beer",2.41,2.87,1
"Dickerson, Williams and Farrell Apples",3.14,4.47,9
Torres Inc Tomatoes,2.93,3.58,9
Neal-Reyes Frozen Pizza,4.91,6.99,7
Garza-Davis Chips,4.86,6.61,2
Smith Inc Plain Bagels,3.51,4.48,10
Rodriguez Group Popcorn,3.37,4.92,2
"Bell, Mcdonald and Higgins Eggs",4.79,5.63,6
"Robbins, Fitzgerald and Villanueva Canned Peas",1.29,1.83,4
"Coleman, Hunt and Murray Frozen Burritos",4.42,6.38,7
Le Ltd Cherry Pie,13.85,20.34,10
Edwards and Sons Root Beer,1.81,2.12,1
Odom-Freeman Cereal,5.48,6.3,3
Montes-Bender Granola Bars,8.04,10.53,3
"Thomas, Chandler and Fletcher Cranberry Juice",6.66,8.41,1
Roberts LLC Canned Carrots,2.19,2.69,4
Sullivan-Wright Blueberries,5.78,6.55,9
"Johnson, Browning and Turner Tomatoes",2.2,2.68,9
"Brown, Moran and Miller Black Tea",5.05,7.47,1
Mathews-Davis Beef Steak,23.07,33.06,8
Snow-Lucero Bottled Water,1.85,2.18,1
"Martin, French and Jefferson Canned Mandarin Oranges",2.55,3.82,4
Ball Ltd Pasta,1.54,2.1,4
"Jensen, Wright and Ward Baking Soda",1.39,1.68,5
"Lopez, Mack and Cohen Butter",5.97,7.4,6
Lee and Sons Whole Chicken,7.88,10.65,8
"Mueller, Rodriguez and Thomas Nuts & Seeds",4.83,5.54,2
Gray PLC Danish Pastries,5.78,8.32,10
Evans-Woods Chips,4.01,5.74,2
Rodriguez Inc Coffee,5.35,6.14,1
Oconnell and Sons Cola,1.36,1.75,1
Brown-Abbott Grape Juice,4.43,5.18,1
Young-Mcdaniel Haddock,7.26,8.42,8
Hunter-Fuller Chips,3.49,3.87,2
Clark-Fox Spices & Seasonings,1.02,1.15,5
Parker Ltd Baking Soda,1.32,1.7,5
"Goodwin, Jackson and Jones Yogurt",2.73,3.11,6
Levine-Oliver Hot Dog Buns,2.01,2.82,10
"Pacheco, Cooper and Leon Candy",1.21,1.76,2
Garcia Inc Popcorn,2.59,3.38,2
Tate and Sons Cod,11.51,14.25,8
Woods-Weaver Muffins,4.18,6.08,3
Morris PLC Chips,4.8,6.26,2
"Taylor, Oliver and Dunn Swordfish",23.89,35.2,8
Ortiz and Sons Chips,4.48,5.32,2
Nolan-Howard Grape Juice,4.2,6.13,1
Hendrix-Collins Cucumbers,1.54,1.82,9
"Barron, Cook and Woods Frozen Pizza",5.32,6.19,7
"Smith, Santos and Haley Green Tea",5.41,6.3,1
Barton LLC Canned Peas,2.31,3.07,4
Spencer-Flores Chicken Thighs,6.1,6.88,8
Jones-Dyer Oatmeal,3.72,5.32,3
Hanson-Zimmerman Baking Soda,2.12,3.05,5
Jenkins Inc Rye Bread,3.15,3.61,10
"Lopez, Cruz and Castaneda Strawberries",4.17,5.32,9
Alexander PLC Instant Noodles,2.6,3.07,4
"Brooks, Carlson and Conner Sausage",4.26,4.71,8
Rivera Inc Granola Bars,6.49,8.44,3
Anderson-Lutz Chicken Thighs,7.94,11.24,8
"Miller, Rivers and Lee Frozen Pizza",4.69,5.55,7
Aguilar PLC Broccoli,2.62,3.42,9
Mendoza-Hess Red Velvet Cake,29.18,33.23,10
Hamilton-Moran Chips,3.44,4.8,2
Bell PLC Frozen Mixed Vegetables,3.32,4.74,7
Williams-Price Baking Powder,2.42,3.45,5
Walsh-Mueller Canned Pineapple,2.04,2.79,4
"Ellis, Rogers and Guzman Bacon",10.54,14.95,8
"Newman, Herrera and Long Cereal",3.79,4.36,3
"Taylor, Garcia and Stevens Beef Brisket",15.92,17.6,8
"Parker, Cochran and Sullivan Orange Juice",2.89,3.31,1
Jackson-Hawkins Frozen Mixed Seafood,8.94,13.12,7
"Branch, Williams and Mills Cinnamon Rolls",4.83,6.06,10
Chavez-Garrett Oatmeal,3.36,4.52,3
Perry Inc Pancake Mix,5.45,7.71,3
Fields Ltd Cookies,4.64,6.7,2
Silva-Munoz Chocolate Ice Cream,5.42,6.43,7
"Hanson, Walker and Davis Cinnamon Rolls",3.84,5.4,10
"Lane, Miller and Molina Tomatoes",4.77,6.44,9
"Martin, Gonzalez and Smith Flour",5.45,8.02,5
Nolan and Sons Baking Powder,2.09,2.9,5
"Torres, Wood and Knapp Vanilla Ice Cream",5.59,6.16,7
Mathis-Frederick Canned Peaches,3.84,4.97,4
Morris Group Baking Powder,1.23,1.7,5
Stanton-Rodriguez Rye Bread,5.76,6.84,10
Kirk Group Popcorn,5.93,6.52,2
"Cunningham, Burke and Mitchell Cream",2.68,3.26,6
Prince LLC Tilapia,10.57,11.75,8
Duncan-Yu Granola Bars,4.15,6.1,3
"Brown, Coleman and Collins Canned Pears",3.15,4.09,4
Lara LLC Burger Buns,4.49,6.33,10
Williams-Harris Cereal,3.23,4.4,3
Parrish-Beasley Yogurt,1.44,2.06,6
George-Wells Apple Juice,3.97,4.57,1
Hall Group Milk,3.55,4.58,6
Bell-Beltran Cookies,5.61,6.6,2
Brown Inc Frozen Enchiladas,7.58,8.85,7
Cook and Sons Cheese,4.87,6.11,6
Becker-Douglas Red Velvet Cake,23.63,26.37,10
"Moreno, Sutton and Wright Cookies",3.84,5.29,2
"Duarte, Jordan and Wade Canned Spinach",2.56,2.99,4
"Lopez, Scott and Hanson Orange Juice",3.21,3.94,1
"Benson, Allen and Ponce Cream",3.49,4.45,6
Brown PLC Cinnamon Rolls,4.96,7.36,10
Lewis-Leon Bananas,1.16,1.41,9
Sloan-Burnett Canned Peas,1.42,2.05,4
"Wilson, Hart and Mcpherson Canned Mixed Vegetables",3.6,4.53,4
Kaufman-Santos Chicken Wings,6,8.31,8
Ruiz PLC Frozen Chicken Tenders,9.47,13.83,7
Dillon-Colon Canned Spinach,2.42,3.02,4
